Time,Channel A,Channel B
(ns),(V),(V)

-103.37502250,0.00000000,0.00000000
-102.87502252,0.00000000,0.00000000
-102.37502253,0.00000000,0.00000000
-101.87502255,0.00000000,0.00000000
-101.37502256,0.00000000,0.00000000
-100.87502258,0.00000000,0.00000000
-100.37502259,0.00000000,0.00000000
-99.87502260,0.00000000,0.00000000
-99.37502262,0.00000000,0.00000000
-98.87502263,0.00000000,0.00000000
-98.37502265,0.00000000,0.00000000
-97.87502266,0.00000000,0.00000000
-97.37502267,0.00000000,0.00000000
-96.87502269,0.00000000,0.00000000
-96.37502270,0.00000000,0.00000000
-95.87502272,0.00000000,0.00000000
-95.37502273,0.00000000,0.00000000
-94.87502274,0.00000000,0.00000000
-94.37502276,0.00000000,0.00000000
-93.87502277,0.00000000,0.00000000
-93.37502279,0.00000000,0.00000000
-92.87502280,0.00000000,0.00000000
-92.37502282,0.00000000,0.00000000
-91.87502283,0.00000000,0.00000000
-91.37502284,0.00000000,0.00000000
-90.87502286,0.00000000,0.00000000
-90.37502287,0.00000000,0.00000000
-89.87502289,0.00000000,0.00000000
-89.37502290,0.00000000,0.00000000
-88.87502291,0.00000000,0.00000000
-88.37502293,0.00000000,0.00000000
-87.87502294,0.00000000,0.00000000
-87.37502296,0.00000000,0.00000000
-86.87502297,0.00000000,0.00000000
-86.37502299,0.00000000,0.00000000
-85.87502300,0.00000000,0.00000000
-85.37502301,0.00000000,0.00000000
-84.87502303,0.00000000,0.00000000
-84.37502304,0.00000000,0.00000000
-83.87502306,0.00000000,0.00000000
-83.37502307,0.00000000,0.00000000
-82.87502308,0.00000000,0.00000000
-82.37502310,0.00000000,0.00000000
-81.87502311,0.00000000,0.00000000
-81.37502313,0.00000000,0.00000000
-80.87502314,0.00000000,0.00000000
-80.37502315,0.00000000,0.00000000
-79.87502317,0.00000000,0.00000000
-79.37502318,0.00000000,0.00000000
-78.87502320,0.00000000,0.00000000
-78.37502321,0.00000000,0.00000000
-77.87502323,0.00000000,0.00000000
-77.37502324,0.00000000,0.00000000
-76.87502325,0.00000000,0.00000000
-76.37502327,0.00000000,0.00000000
-75.87502328,0.00000000,0.00000000
-75.37502330,0.00000000,0.00000000
-74.87502331,0.00000000,0.00000000
-74.37502332,0.00000000,0.00000000
-73.87502334,0.00000000,0.00000000
-73.37502335,0.00000000,0.00000000
-72.87502337,0.00000000,0.00000000
-72.37502338,0.00000000,0.00000000
-71.87502340,0.00000000,0.00000000
-71.37502341,0.00000000,0.00000000
-70.87502342,0.00000000,0.00000000
-70.37502344,0.00000000,0.00000000
-69.87502345,0.00000000,0.00000000
-69.37502347,0.00000000,0.00000000
-68.87502348,0.00000000,0.00000000
-68.37502349,0.00000000,0.00000000
-67.87502351,0.00000000,0.00000000
-67.37502352,0.00000000,0.00000000
-66.87502354,0.00000000,0.00000000
-66.37502355,0.00000000,0.00000000
-65.87502356,0.00000000,0.00000000
-65.37502358,0.00000000,0.00000000
-64.87502359,0.00000000,0.00000000
-64.37502361,0.00000000,0.00000000
-63.87502362,0.00000000,0.00000000
-63.37502364,0.00000000,0.00000000
-62.87502365,0.00000000,0.00000000
-62.37502366,0.00000000,0.00000000
-61.87502368,0.00000000,0.00000000
-61.37502369,0.00000000,0.00000000
-60.87502371,0.00000000,0.00000000
-60.37502372,0.00000000,0.00000000
-59.87502373,0.00000000,0.00000000
-59.37502375,0.00030758,0.00000000
-58.87502376,0.00153789,0.00000000
-58.37502378,0.00322958,0.00000000
-57.87502379,0.00230684,0.00000000
-57.37502381,-0.00384473,0.00000000
-56.87502382,-0.01537894,0.00000000
-56.37502383,-0.02891240,0.00000000
-55.87502385,-0.03783219,0.00000000
-55.37502386,-0.03783219,0.00000000
-54.87502388,-0.02891240,0.00000000
-54.37502389,-0.01537894,0.00000000
-53.87502390,-0.00384473,0.00000000
-53.37502392,0.00230684,0.00000000
-52.87502393,0.00322958,0.00000000
-52.37502395,0.00153789,0.00000000
-51.87502396,0.00030758,0.00000000
-51.37502398,0.00000000,0.00000000
-50.87502399,0.00000000,0.00000000
-50.37502400,0.00000000,0.00000000
-49.87502402,0.00000000,0.00000000
-49.37502403,0.00000000,0.00000000
-48.87502405,0.00000000,0.00000000
-48.37502406,0.00000000,0.00000000
-47.87502407,0.00000000,0.00000000
-47.37502409,0.00030758,0.00000000
-46.87502410,0.00153789,0.00000000
-46.37502412,0.00322958,0.00000000
-45.87502413,0.00230684,0.00000000
-45.37502414,-0.00384473,0.00000000
-44.87502416,-0.01537894,0.00000000
-44.37502417,-0.02891240,0.00000000
-43.87502419,-0.03783219,0.00000000
-43.37502420,-0.03783219,0.00000000
-42.87502422,-0.02891240,0.00000000
-42.37502423,-0.01537894,0.00000000
-41.87502424,-0.00384473,0.00000000
-41.37502426,0.00230684,0.00000000
-40.87502427,0.00322958,0.00000000
-40.37502429,0.00153789,0.00000000
-39.87502430,0.00030758,0.00000000
-39.37502431,0.00000000,0.00000000
-38.87502433,0.00000000,0.00000000
-38.37502434,0.00000000,0.00000000
-37.87502436,0.00000000,0.00000000
-37.37502437,0.00000000,0.00000000
-36.87502439,0.00000000,0.00000000
-36.37502440,0.00000000,0.00000000
-35.87502441,0.00000000,0.00000000
-35.37502443,0.00000000,0.00000000
-34.87502444,0.00000000,0.00000000
-34.37502446,0.00000000,0.00000000
-33.87502447,0.00000000,0.00000000
-33.37502448,0.00000000,0.00000000
-32.87502450,0.00000000,0.00000000
-32.37502451,0.00000000,0.00000000
-31.87502453,0.00000000,0.00000000
-31.37502454,0.00000000,0.00000000
-30.87502455,0.00000000,0.00000000
-30.37502457,0.00000000,0.00000000
-29.87502458,0.00000000,0.00000000
-29.37502460,0.00000000,0.00000000
-28.87502461,0.00000000,0.00000000
-28.37502463,0.00000000,0.00000000
-27.87502464,0.00000000,0.00000000
-27.37502465,0.00000000,0.00000000
-26.87502467,0.00000000,0.00000000
-26.37502468,0.00000000,0.00000000
-25.87502470,0.00000000,0.00000000
-25.37502471,0.00000000,0.00000000
-24.87502472,0.00000000,0.00000000
-24.37502474,0.00000000,0.00000000
-23.87502475,0.00000000,0.00000000
-23.37502477,0.00000000,0.00000000
-22.87502478,0.00000000,0.00000000
-22.37502480,0.00000000,0.00000000
-21.87502481,0.00000000,0.00000000
-21.37502482,0.00000000,0.00000000
-20.87502484,0.00000000,0.00000000
-20.37502485,0.00000000,0.00000000
-19.87502487,0.00000000,0.00000000
-19.37502488,0.00000000,0.00000000
-18.87502489,0.00000000,0.00000000
-18.37502491,0.00000000,0.00000000
-17.87502492,0.00000000,0.00000000
-17.37502494,0.00000000,0.00000000
-16.87502495,0.00000000,0.00000000
-16.37502496,0.00000000,0.00000000
-15.87502498,0.00000000,0.00000000
-15.37502499,0.00000000,0.00000000
-14.87502501,0.00000000,0.00000000
-14.37502502,0.00000000,0.00000000
-13.87502504,0.00000000,0.00000000
-13.37502505,0.00000000,0.00000000
-12.87502506,0.00000000,0.00000000
-12.37502508,0.00000000,0.00000000
-11.87502509,0.00000000,0.00000000
-11.37502511,0.00000000,0.00000000
-10.87502512,0.00000000,0.00000000
-10.37502513,0.00000000,0.00000000
-9.87502515,0.00000000,0.00000000
-9.37502516,0.00030758,0.00000000
-8.87502518,0.00153789,0.00000000
-8.37502519,0.00322958,0.00000000
-7.87502521,0.00230684,0.00000000
-7.37502522,-0.00384473,0.00000000
-6.87502523,-0.01537894,0.00000000
-6.37502525,-0.02891240,0.00000000
-5.87502526,-0.03675566,0.00000000
-5.37502528,-0.04290723,0.00030758
-4.87502529,-0.05936269,0.00153789
-4.37502530,-0.07551058,0.00322958
-3.87502532,-0.04352239,0.00230684
-3.37502533,0.05736344,-0.00384473
-2.87502535,0.19239050,-0.01537894
-2.37502536,0.34448820,-0.02891240
-1.87502537,0.57671020,-0.03767840
-1.37502539,0.94288260,-0.03875492
-0.87502540,1.40132900,-0.03367987
-0.37502542,1.87177100,-0.02491388
0.12497457,2.32514100,-0.01045768
0.62497455,2.75406000,0.01261073
1.12497454,3.12284700,0.04306102
1.62497453,3.40120600,0.07551058
2.12497451,3.60282400,0.10473060
2.62497450,3.73692800,0.12887550
3.12497448,3.77491400,0.14840670
3.62497447,3.70417100,0.16178640
4.12497446,3.58113900,0.16286300
4.62497444,3.47087200,0.14548470
5.12497443,3.36768000,0.11072840
5.62497441,3.22357900,0.06643701
6.12497440,3.05041200,0.02137672
6.62497438,2.91446200,-0.02045399
7.12497437,2.82987800,-0.05890133
7.62497436,2.74098800,-0.09304257
8.12497434,2.63056700,-0.11457310
8.62497433,2.54844400,-0.11395790
9.12497431,2.50845900,-0.08981299
9.62497430,2.46478200,-0.05259596
10.12497429,2.40711100,-0.01599409
10.62497427,2.37912200,0.01445620
11.12497426,2.38450400,0.04044660
11.62497424,2.38142800,0.06243848
12.12497423,2.37496900,0.07658711
12.62497421,2.41541600,0.07581816
13.12497420,2.50046100,0.05936269
13.62497419,2.57566400,0.03398745
14.12497417,2.63010600,0.00984252
14.62497416,2.69885000,-0.00815084
15.12497414,2.77636000,-0.02014641
15.62497413,2.82172700,-0.02891240
16.12497412,2.84156600,-0.03614050
16.62497410,2.88078300,-0.04152313
17.12497409,2.93430100,-0.04429134
17.62497407,2.95490900,-0.04429134
18.12497406,2.94122200,-0.04167692
18.62497405,2.93476200,-0.03583292
19.12497403,2.93460900,-0.02722072
19.62497402,2.90062100,-0.01707062
20.12497400,2.84064300,-0.00584400
20.62497399,2.80588700,0.00599779
21.12497397,2.79865900,0.01860851
21.62497396,2.77082300,0.03045030
22.12497395,2.71976500,0.03813976
22.62497393,2.69085300,0.03783219
23.12497392,2.68593100,0.02891240
23.62497390,2.66209400,0.01537894
24.12497389,2.62656900,0.00369095
24.62497388,2.63272000,-0.00199926
25.12497386,2.68070200,-0.00153789
25.62497385,2.71638200,0.00153789
26.12497383,2.72883900,0.00199926
26.62497382,2.75805900,-0.00353716
27.12497380,2.80296500,-0.01384104
27.62497379,2.82034300,-0.02568282
28.12497378,2.81419200,-0.03552534
28.62497376,2.83095500,-0.04167692
29.12497375,2.86817200,-0.04429134
29.62497373,2.87847500,-0.04429134
30.12497372,2.86109700,-0.04167692
30.62497371,2.86109700,-0.03583292
31.12497369,2.87847500,-0.02722072
31.62497368,2.86817200,-0.01707062
32.12497366,2.83110900,-0.00584400
32.62497365,2.81373000,0.00599779
33.12497364,2.81726700,0.01860851
33.62497362,2.79666000,0.03045030
34.12497361,2.75359900,0.03813976
34.62497359,2.73591300,0.03813976
35.12497358,2.74406400,0.03045030
35.62497356,2.73222200,0.01860851
36.12497355,2.70377100,0.00599779
36.62497354,2.71053800,-0.00553642
37.12497352,2.75390600,-0.01537894
37.62497351,2.78081900,-0.02414493
38.12497349,2.77851200,-0.03367987
38.62497348,2.78435700,-0.04521408
39.12497347,2.79773600,-0.05813238
39.62497345,2.78128100,-0.06997416
40.12497344,2.74621700,-0.07720226
40.62497342,2.74590900,-0.07750984
41.12497341,2.77958900,-0.07166585
41.62497339,2.79466000,-0.06136196
42.12497338,2.78205000,-0.04752092
42.62497337,2.78205000,-0.02983514
43.12497335,2.79466000,-0.00876599
43.62497334,2.77958900,0.01337967
44.12497332,2.74606300,0.03229577
44.62497331,2.74575500,0.04382997
45.12497330,2.77805100,0.04752092
45.62497328,2.79143100,0.04582923
46.12497327,2.77989600,0.04198450
46.62497325,2.78589500,0.03583292
47.12497324,2.81003900,0.02722072
47.62497323,2.80850100,0.01707062
48.12497321,2.78389500,0.00584400
48.62497320,2.78358700,-0.00599779
49.12497318,2.80696400,-0.01860851
49.62497317,2.80696400,-0.03045030
50.12497315,2.78358700,-0.03813976
50.62497314,2.78389500,-0.03783219
51.12497313,2.80850100,-0.02891240
51.62497311,2.81003900,-0.01537894
52.12497310,2.78589500,-0.00369095
52.62497308,2.78005000,0.00199926
53.12497307,2.79312300,0.00153789
53.62497306,2.78128100,-0.00153789
54.12497304,2.74806200,-0.00199926
54.62497303,2.74191100,0.00369095
55.12497301,2.76267200,0.01537894
55.62497300,2.76267200,0.02891240
56.12497298,2.74191100,0.03783219
56.62497297,2.74837000,0.03783219
57.12497296,2.78281900,0.02891240
57.62497294,2.79619800,0.01537894
58.12497293,2.78235700,0.00369095
58.62497291,2.78205000,-0.00199926
59.12497290,2.79466000,-0.00153789
59.62497289,2.77958900,0.00153789
60.12497287,2.74590900,0.00199926
60.62497286,2.74590900,-0.00369095
61.12497284,2.77958900,-0.01537894
61.62497283,2.79466000,-0.02891240
62.12497281,2.78205000,-0.03783219
62.62497280,2.78205000,-0.03783219
63.12497279,2.79466000,-0.02891240
63.62497277,2.77958900,-0.01537894
64.12497276,2.74590900,-0.00384473
64.62497274,2.74590900,0.00230684
65.12497273,2.77958900,0.00322958
65.62497272,2.79466000,0.00153789
66.12497270,2.78205000,0.00030758
66.62497269,2.78205000,0.00000000
67.12497267,2.79466000,0.00000000
67.62497266,2.77958900,0.00000000
68.12497265,2.74606300,0.00000000
68.62497263,2.74575500,0.00000000
69.12497262,2.77805100,0.00000000
69.62497260,2.79143100,0.00000000
70.12497259,2.77989600,0.00000000
70.62497257,2.78589500,0.00000000
71.12497256,2.81003900,0.00000000
71.62497255,2.80850100,0.00000000
72.12497253,2.78389500,0.00000000
72.62497252,2.78389500,0.00000000
73.12497250,2.80850100,0.00000000
73.62497249,2.81003900,0.00000000
74.12497248,2.78589500,0.00000000
74.62497246,2.77989600,0.00000000
75.12497245,2.79143100,0.00000000
75.62497243,2.77805100,0.00000000
76.12497242,2.74575500,0.00000000
76.62497240,2.74606300,0.00000000
77.12497239,2.77958900,0.00000000
77.62497238,2.79466000,0.00000000
78.12497236,2.78205000,0.00000000
78.62497235,2.78235700,0.00000000
79.12497233,2.79619800,0.00000000
79.62497232,2.78281900,0.00000000
80.12497231,2.74821600,0.00000000
80.62497229,2.74221800,0.00000000
81.12497228,2.76421000,0.00000000
81.62497226,2.76574800,0.00000000
82.12497225,2.74421700,0.00000000
82.62497224,2.74421700,0.00000000
83.12497222,2.76574800,0.00000000
83.62497221,2.76421000,0.00000000
84.12497219,2.74221800,0.00000000
84.62497218,2.74806200,0.00000000
85.12497216,2.78128100,0.00000000
85.62497215,2.79312300,0.00000000
86.12497214,2.78005000,0.00000000
86.62497212,2.78589500,0.00000000
87.12497211,2.81003900,0.00000000
87.62497209,2.80850100,0.00000000
88.12497208,2.78389500,0.00000000
88.62497207,2.78358700,0.00000000
89.12497205,2.80696400,0.00000000
89.62497204,2.80696400,0.00000000
90.12497202,2.78358700,0.00000000
90.62497201,2.78358700,0.00000000
91.12497199,2.80696400,0.00000000
91.62497198,2.80696400,0.00000000
92.12497197,2.78358700,0.00000000
92.62497195,2.78358700,0.00000000
93.12497194,2.80696400,0.00000000
93.62497192,2.80696400,0.00000000
94.12497191,2.78358700,0.00000000
94.62497190,2.78389500,0.00000000
95.12497188,2.80850100,0.00000000
95.62497187,2.81003900,0.00000000
96.12497185,2.78589500,0.00000000
96.62497184,2.78005000,0.00000000
97.12497183,2.79312300,0.00000000
97.62497181,2.78128100,0.00000000
98.12497180,2.74806200,0.00000000
98.62497178,2.74221800,0.00000000
99.12497177,2.76421000,0.00000000
99.62497175,2.76574800,0.00000000
100.12497174,2.74421700,0.00000000
100.62497173,2.74452500,0.00000000
101.12497171,2.76744000,0.00000000
101.62497170,2.76744000,0.00000000
102.12497168,2.74452500,0.00000000
102.62497167,2.74421700,0.00000000
103.12497166,2.76574800,0.00000000
103.62497164,2.76421000,0.00000000
104.12497163,2.74221800,0.00000000
104.62497161,2.74821600,0.00000000
105.12497160,2.78281900,0.00000000
105.62497158,2.79619800,0.00000000
106.12497157,2.78235700,0.00000000
106.62497156,2.78205000,0.00000000
107.12497154,2.79466000,0.00000000
107.62497153,2.77958900,0.00000000
108.12497151,2.74590900,0.00000000
108.62497150,2.74590900,0.00000000
109.12497149,2.77958900,0.00000000
109.62497147,2.79466000,0.00000000
110.12497146,2.78205000,0.00000000
110.62497144,2.78205000,0.00000000
111.12497143,2.79466000,0.00000000
111.62497142,2.77958900,0.00000000
112.12497140,2.74590900,0.00000000
112.62497139,2.74590900,0.00000000
113.12497137,2.77958900,0.00000000
113.62497136,2.79466000,0.00000000
114.12497134,2.78205000,0.00000000
114.62497133,2.78205000,0.00000000
115.12497132,2.79466000,0.00000000
115.62497130,2.77958900,0.00000000
116.12497129,2.74590900,0.00000000
116.62497127,2.74590900,0.00000000
117.12497126,2.77958900,0.00000000
117.62497125,2.79466000,0.00000000
118.12497123,2.78205000,0.00000000
118.62497122,2.78205000,0.00000000
119.12497120,2.79466000,0.00000000
119.62497119,2.77958900,0.00000000
120.12497117,2.74590900,0.00000000
120.62497116,2.74590900,0.00000000
121.12497115,2.77958900,0.00000000
121.62497113,2.79466000,0.00000000
122.12497112,2.78205000,0.00000000
122.62497110,2.78205000,0.00000000
123.12497109,2.79466000,0.00000000
123.62497108,2.77958900,0.00000000
124.12497106,2.74590900,0.00000000
124.62497105,2.74590900,0.00000000
125.12497103,2.77958900,0.00000000
125.62497102,2.79466000,0.00000000
126.12497100,2.78205000,0.00000000
126.62497099,2.78205000,0.00000000
127.12497098,2.79466000,0.00000000
127.62497096,2.77958900,0.00000000
128.12497095,2.74590900,0.00000000
128.62497093,2.74590900,0.00000000
129.12497092,2.77958900,0.00000000
129.62497091,2.79466000,0.00000000
130.12497089,2.78205000,0.00000000
130.62497088,2.78235700,0.00000000
131.12497086,2.79619800,0.00000000
131.62497085,2.78281900,0.00000000
132.12497084,2.74821600,0.00000000
132.62497082,2.74221800,0.00000000
133.12497081,2.76421000,0.00000000
133.62497079,2.76574800,0.00000000
134.12497078,2.74421700,0.00000000
134.62497076,2.74452500,0.00000000
135.12497075,2.76744000,0.00000000
135.62497074,2.76744000,0.00000000
136.12497072,2.74437100,0.00000000
136.62497071,2.74437100,0.00000000
137.12497069,2.76744000,0.00000000
137.62497068,2.76744000,0.00000000
138.12497067,2.74437100,0.00000000
138.62497065,2.74437100,0.00000000
139.12497064,2.76744000,0.00000000
139.62497062,2.76744000,0.00000000
140.12497061,2.74437100,0.00000000
140.62497059,2.74437100,0.00000000
141.12497058,2.76744000,0.00000000
141.62497057,2.76744000,0.00000000
142.12497055,2.74452500,0.00000000
142.62497054,2.74421700,0.00000000
143.12497052,2.76574800,0.00000000
143.62497051,2.76421000,0.00000000
144.12497050,2.74221800,0.00000000
144.62497048,2.74821600,0.00000000
145.12497047,2.78281900,0.00000000
145.62497045,2.79619800,0.00000000
146.12497044,2.78235700,0.00000000
146.62497043,2.78205000,0.00000000
147.12497041,2.79466000,0.00000000
147.62497040,2.77958900,0.00000000
148.12497038,2.74590900,0.00000000
148.62497037,2.74590900,0.00000000
149.12497035,2.77958900,0.00000000
149.62497034,2.79466000,0.00000000
150.12497033,2.78205000,0.00000000
150.62497031,2.78205000,0.00000000
151.12497030,2.79466000,0.00000000
151.62497028,2.77958900,0.00000000
152.12497027,2.74590900,0.00000000
152.62497026,2.74590900,0.00000000
153.12497024,2.77958900,0.00000000
153.62497023,2.79466000,0.00000000
154.12497021,2.78205000,0.00000000
154.62497020,2.78205000,0.00000000
155.12497018,2.79466000,0.00000000
155.62497017,2.77958900,0.00000000
156.12497016,2.74590900,0.00000000
156.62497014,2.74590900,0.00000000
157.12497013,2.77958900,0.00000000
157.62497011,2.79466000,0.00000000
158.12497010,2.78205000,0.00000000
158.62497009,2.78205000,0.00000000
159.12497007,2.79466000,0.00000000
159.62497006,2.77958900,0.00000000
160.12497004,2.74590900,0.00000000
160.62497003,2.74590900,0.00000000
161.12497002,2.77958900,0.00000000
161.62497000,2.79466000,0.00000000
162.12496999,2.78205000,0.00000000
162.62496997,2.78205000,0.00000000
163.12496996,2.79466000,0.00000000
163.62496994,2.77958900,0.00000000
164.12496993,2.74606300,0.00000000
164.62496992,2.74575500,0.00000000
165.12496990,2.77805100,0.00000000
165.62496989,2.79143100,0.00000000
166.12496987,2.77989600,0.00000000
166.62496986,2.78589500,0.00000000
167.12496985,2.81003900,0.00000000
167.62496983,2.80850100,0.00000000
168.12496982,2.78389500,0.00000000
168.62496980,2.78358700,0.00000000
169.12496979,2.80696400,0.00000000
169.62496977,2.80696400,0.00000000
170.12496976,2.78358700,0.00000000
170.62496975,2.78358700,0.00000000
171.12496973,2.80696400,0.00000000
171.62496972,2.80696400,0.00000000
172.12496970,2.78358700,0.00000000
172.62496969,2.78389500,0.00000000
173.12496968,2.80850100,0.00000000
173.62496966,2.81003900,0.00000000
174.12496965,2.78589500,0.00000000
174.62496963,2.78005000,0.00000000
175.12496962,2.79312300,0.00000000
175.62496960,2.78128100,0.00000000
176.12496959,2.74806200,0.00000000
176.62496958,2.74221800,0.00000000
177.12496956,2.76421000,0.00000000
177.62496955,2.76574800,0.00000000
178.12496953,2.74421700,0.00000000
178.62496952,2.74421700,0.00000000
179.12496951,2.76574800,0.00000000
179.62496949,2.76421000,0.00000000
180.12496948,2.74221800,0.00000000
180.62496946,2.74821600,0.00000000
181.12496945,2.78281900,0.00000000
181.62496944,2.79619800,0.00000000
182.12496942,2.78235700,0.00000000
182.62496941,2.78205000,0.00030758
183.12496939,2.79466000,0.00153789
183.62496938,2.77958900,0.00322958
184.12496936,2.74590900,0.00230684
184.62496935,2.74590900,-0.00384473
185.12496934,2.77958900,-0.01537894
185.62496932,2.79466000,-0.02891240
186.12496931,2.78205000,-0.03783219
186.62496929,2.78205000,-0.03783219
187.12496928,2.79466000,-0.02891240
187.62496927,2.77958900,-0.01537894
188.12496925,2.74590900,-0.00384473
188.62496924,2.74590900,0.00230684
189.12496922,2.77958900,0.00322958
189.62496921,2.79466000,0.00153789
190.12496919,2.78205000,0.00030758
190.62496918,2.78205000,0.00000000
191.12496917,2.79466000,0.00000000
191.62496915,2.77958900,0.00000000
192.12496914,2.74590900,0.00000000
192.62496912,2.74590900,0.00000000
193.12496911,2.77958900,0.00000000
193.62496910,2.79466000,0.00000000
194.12496908,2.78205000,0.00000000
194.62496907,2.78205000,0.00000000
195.12496905,2.79466000,0.00000000
195.62496904,2.77958900,0.00000000
196.12496903,2.74590900,0.00000000
196.62496901,2.74590900,0.00000000
197.12496900,2.77958900,0.00000000
197.62496898,2.79466000,0.00000000
198.12496897,2.78205000,0.00000000
198.62496895,2.78205000,0.00000000
199.12496894,2.79466000,0.00000000
199.62496893,2.77958900,0.00000000
200.12496891,2.74590900,0.00000000
200.62496890,2.74590900,0.00000000
201.12496888,2.77958900,0.00000000
201.62496887,2.79466000,0.00000000
202.12496886,2.78205000,0.00000000
202.62496884,2.78205000,0.00000000
203.12496883,2.79466000,0.00000000
203.62496881,2.77958900,0.00000000
204.12496880,2.74590900,0.00000000
204.62496878,2.74590900,0.00000000
205.12496877,2.77958900,0.00000000
205.62496876,2.79466000,0.00000000
206.12496874,2.78205000,0.00000000
206.62496873,2.78205000,0.00000000
207.12496871,2.79466000,0.00000000
207.62496870,2.77958900,0.00000000
208.12496869,2.74606300,0.00000000
208.62496867,2.74575500,0.00000000
209.12496866,2.77805100,0.00000000
209.62496864,2.79143100,0.00000000
210.12496863,2.77989600,0.00000000
210.62496862,2.78589500,0.00000000
211.12496860,2.81003900,0.00000000
211.62496859,2.80850100,0.00000000
212.12496857,2.78389500,0.00000000
212.62496856,2.78358700,0.00000000
213.12496854,2.80696400,0.00000000
213.62496853,2.80696400,0.00000000
214.12496852,2.78358700,0.00000000
214.62496850,2.78358700,0.00000000
215.12496849,2.80696400,0.00000000
215.62496847,2.80696400,0.00000000
216.12496846,2.78358700,0.00000000
216.62496845,2.78389500,0.00000000
217.12496843,2.80850100,0.00000000
217.62496842,2.81003900,0.00000000
218.12496840,2.78589500,0.00000000
218.62496839,2.77989600,0.00000000
219.12496837,2.79143100,0.00000000
219.62496836,2.77805100,0.00000000
220.12496835,2.74575500,0.00000000
220.62496833,2.74606300,0.00000000
221.12496832,2.77958900,0.00000000
221.62496830,2.79466000,0.00000000
222.12496829,2.78205000,0.00000000
222.62496828,2.78205000,0.00000000
223.12496826,2.79466000,0.00000000
223.62496825,2.77958900,0.00000000
224.12496823,2.74606300,0.00000000
224.62496822,2.74575500,0.00000000
225.12496821,2.77805100,0.00000000
225.62496819,2.79143100,0.00000000
226.12496818,2.77989600,0.00000000
226.62496816,2.78589500,0.00000000
227.12496815,2.81003900,0.00000000
227.62496813,2.80850100,0.00000000
228.12496812,2.78389500,0.00000000
228.62496811,2.78389500,0.00000000
229.12496809,2.80850100,0.00000000
229.62496808,2.81003900,0.00000000
230.12496806,2.78589500,0.00000000
230.62496805,2.77989600,0.00000000
231.12496804,2.79143100,0.00000000
231.62496802,2.77805100,0.00000000
232.12496801,2.74575500,0.00000000
232.62496799,2.74606300,0.00000000
233.12496798,2.77958900,0.00000000
233.62496796,2.79466000,0.00000000
234.12496795,2.78205000,0.00000000
234.62496794,2.78205000,0.00000000
235.12496792,2.79466000,0.00000000
235.62496791,2.77958900,0.00000000
236.12496789,2.74606300,0.00000000
236.62496788,2.74575500,0.00000000
237.12496787,2.77805100,0.00000000
237.62496785,2.79143100,0.00000000
238.12496784,2.77989600,0.00000000
238.62496782,2.78589500,0.00000000
239.12496781,2.81003900,0.00000000
239.62496779,2.80850100,0.00000000
240.12496778,2.78389500,0.00000000
240.62496777,2.78358700,0.00000000
241.12496775,2.80696400,0.00000000
241.62496774,2.80696400,0.00000000
242.12496772,2.78358700,0.00000000
242.62496771,2.78358700,0.00000000
243.12496770,2.80696400,0.00000000
243.62496768,2.80696400,0.00000000
244.12496767,2.78358700,0.00000000
244.62496765,2.78389500,0.00000000
245.12496764,2.80850100,0.00000000
245.62496763,2.81003900,0.00000000
246.12496761,2.78589500,0.00000000
246.62496760,2.77989600,0.00000000
247.12496758,2.79143100,0.00000000
247.62496757,2.77805100,0.00000000
248.12496755,2.74575500,0.00000000
248.62496754,2.74575500,0.00000000
249.12496753,2.77805100,0.00000000
249.62496751,2.79143100,0.00000000
250.12496750,2.77989600,0.00000000
250.62496748,2.78589500,0.00000000
251.12496747,2.81003900,0.00000000
251.62496746,2.80850100,0.00000000
252.12496744,2.78389500,0.00000000
252.62496743,2.78358700,0.00000000
253.12496741,2.80696400,0.00000000
253.62496740,2.80696400,0.00000000
254.12496738,2.78358700,0.00000000
254.62496737,2.78358700,0.00000000
255.12496736,2.80696400,0.00000000
255.62496734,2.80696400,0.00000000
256.12496733,2.78358700,0.00000000
256.62496731,2.78358700,0.00000000
257.12496730,2.80696400,0.00000000
257.62496729,2.80696400,0.00000000
258.12496727,2.78358700,0.00000000
258.62496726,2.78358700,0.00000000
259.12496724,2.80696400,0.00000000
259.62496723,2.80696400,0.00000000
260.12496722,2.78358700,0.00000000
260.62496720,2.78389500,0.00000000
261.12496719,2.80850100,0.00000000
261.62496717,2.81003900,0.00000000
262.12496716,2.78589500,0.00000000
262.62496714,2.77989600,0.00000000
263.12496713,2.79143100,0.00000000
263.62496712,2.77805100,0.00000000
264.12496710,2.74575500,0.00000000
264.62496709,2.74575500,0.00000000
265.12496707,2.77805100,0.00000000
265.62496706,2.79143100,0.00000000
266.12496705,2.77989600,0.00000000
266.62496703,2.78589500,0.00000000
267.12496702,2.81003900,0.00000000
267.62496700,2.80850100,0.00000000
268.12496699,2.78389500,0.00000000
268.62496697,2.78358700,0.00000000
269.12496696,2.80696400,0.00000000
269.62496695,2.80696400,0.00000000
270.12496693,2.78358700,0.00000000
270.62496692,2.78358700,0.00000000
271.12496690,2.80696400,0.00000000
271.62496689,2.80696400,0.00000000
272.12496688,2.78358700,0.00000000
272.62496686,2.78358700,0.00000000
273.12496685,2.80696400,0.00000000
273.62496683,2.80696400,0.00000000
274.12496682,2.78358700,0.00000000
274.62496681,2.78358700,0.00000000
275.12496679,2.80696400,0.00000000
275.62496678,2.80696400,0.00000000
276.12496676,2.78358700,0.00000000
276.62496675,2.78358700,0.00000000
277.12496673,2.80696400,0.00000000
277.62496672,2.80696400,0.00000000
278.12496671,2.78358700,0.00000000
278.62496669,2.78358700,0.00000000
279.12496668,2.80696400,0.00000000
279.62496666,2.80696400,0.00000000
280.12496665,2.78358700,0.00000000
280.62496664,2.78389500,0.00000000
281.12496662,2.80850100,0.00000000
281.62496661,2.81003900,0.00000000
282.12496659,2.78589500,0.00000000
282.62496658,2.77989600,0.00000000
283.12496656,2.79143100,0.00000000
283.62496655,2.77805100,0.00000000
284.12496654,2.74575500,0.00000000
284.62496652,2.74575500,0.00000000
285.12496651,2.77805100,0.00000000
285.62496649,2.79143100,0.00000000
286.12496648,2.77989600,0.00000000
286.62496647,2.78589500,0.00000000
287.12496645,2.81003900,0.00000000
287.62496644,2.80850100,0.00000000
288.12496642,2.78389500,0.00000000
288.62496641,2.78389500,0.00000000
289.12496639,2.80850100,0.00000000
289.62496638,2.81003900,0.00000000
290.12496637,2.78589500,0.00000000
290.62496635,2.77989600,0.00000000
291.12496634,2.79143100,0.00000000
291.62496632,2.77805100,0.00000000
292.12496631,2.74575500,0.00000000
292.62496630,2.74606300,0.00000000
293.12496628,2.77958900,0.00000000
293.62496627,2.79466000,0.00000000
294.12496625,2.78205000,0.00000000
294.62496624,2.78205000,0.00000000
295.12496623,2.79466000,0.00000000
295.62496621,2.77958900,0.00000000
296.12496620,2.74590900,0.00000000
296.62496618,2.74590900,0.00000000
297.12496617,2.77958900,0.00000000
297.62496615,2.79466000,0.00000000
298.12496614,2.78205000,0.00000000
298.62496613,2.78235700,0.00000000
299.12496611,2.79619800,0.00000000
299.62496610,2.78281900,0.00000000
300.12496608,2.74821600,0.00000000
300.62496607,2.74221800,0.00000000
301.12496606,2.76421000,0.00000000
301.62496604,2.76574800,0.00000000
302.12496603,2.74421700,0.00000000
302.62496601,2.74421700,0.00000000
303.12496600,2.76574800,0.00000000
303.62496598,2.76421000,0.00000000
304.12496597,2.74221800,0.00000000
304.62496596,2.74821600,0.00000000
305.12496594,2.78281900,0.00000000
305.62496593,2.79619800,0.00000000
306.12496591,2.78235700,0.00000000
306.62496590,2.78205000,0.00000000
307.12496589,2.79466000,0.00000000
307.62496587,2.77958900,0.00000000
308.12496586,2.74590900,0.00000000
308.62496584,2.74590900,0.00000000
309.12496583,2.77958900,0.00000000
309.62496582,2.79466000,0.00000000
310.12496580,2.78205000,0.00000000
310.62496579,2.78205000,0.00000000
311.12496577,2.79466000,0.00000000
311.62496576,2.77958900,0.00000000
312.12496574,2.74606300,0.00000000
312.62496573,2.74575500,0.00000000
313.12496572,2.77805100,0.00000000
313.62496570,2.79143100,0.00000000
314.12496569,2.77989600,0.00000000
314.62496567,2.78589500,0.00000000
315.12496566,2.81003900,0.00000000
315.62496565,2.80850100,0.00000000
316.12496563,2.78389500,0.00000000
316.62496562,2.78358700,0.00000000
317.12496560,2.80696400,0.00000000
317.62496559,2.80696400,0.00000000
318.12496557,2.78358700,0.00000000
318.62496556,2.78358700,0.00000000
319.12496555,2.80696400,0.00000000
319.62496553,2.80696400,0.00000000
320.12496552,2.78358700,0.00000000
320.62496550,2.78358700,0.00000000
321.12496549,2.80696400,0.00000000
321.62496548,2.80696400,0.00000000
322.12496546,2.78358700,0.00000000
322.62496545,2.78358700,0.00000000
323.12496543,2.80696400,0.00000000
323.62496542,2.80696400,0.00000000
324.12496541,2.78358700,0.00000000
324.62496539,2.78389500,0.00000000
325.12496538,2.80850100,0.00000000
325.62496536,2.81003900,0.00000000
326.12496535,2.78589500,0.00000000
326.62496533,2.78005000,0.00000000
327.12496532,2.79312300,0.00000000
327.62496531,2.78128100,0.00000000
328.12496529,2.74806200,0.00000000
328.62496528,2.74221800,0.00000000
329.12496526,2.76421000,0.00000000
329.62496525,2.76574800,0.00000000
330.12496524,2.74421700,0.00000000
330.62496522,2.74452500,0.00000000
331.12496521,2.76744000,0.00000000
331.62496519,2.76744000,0.00000000
332.12496518,2.74452500,0.00000000
332.62496516,2.74421700,0.00000000
333.12496515,2.76574800,0.00000000
333.62496514,2.76421000,0.00000000
334.12496512,2.74221800,0.00000000
334.62496511,2.74821600,0.00000000
335.12496509,2.78281900,0.00000000
335.62496508,2.79619800,0.00000000
336.12496507,2.78235700,0.00000000
336.62496505,2.78205000,0.00000000
337.12496504,2.79466000,0.00000000
337.62496502,2.77958900,0.00000000
338.12496501,2.74606300,0.00000000
338.62496500,2.74575500,0.00000000
339.12496498,2.77805100,0.00000000
339.62496497,2.79143100,0.00000000
340.12496495,2.77989600,0.00000000
340.62496494,2.78589500,0.00000000
341.12496492,2.81003900,0.00000000
341.62496491,2.80850100,0.00000000
342.12496490,2.78389500,0.00000000
342.62496488,2.78358700,0.00000000
343.12496487,2.80696400,0.00000000
343.62496485,2.80696400,0.00000000
344.12496484,2.78358700,0.00000000
344.62496483,2.78358700,0.00000000
345.12496481,2.80696400,0.00000000
345.62496480,2.80696400,0.00000000
346.12496478,2.78358700,0.00000000
346.62496477,2.78358700,0.00000000
347.12496475,2.80696400,0.00000000
347.62496474,2.80696400,0.00000000
348.12496473,2.78358700,0.00000000
348.62496471,2.78389500,0.00000000
349.12496470,2.80850100,0.00000000
349.62496468,2.81003900,0.00000000
350.12496467,2.78589500,0.00000000
350.62496466,2.77989600,0.00000000
351.12496464,2.79143100,0.00000000
351.62496463,2.77805100,0.00000000
352.12496461,2.74575500,0.00000000
352.62496460,2.74606300,0.00000000
353.12496458,2.77958900,0.00000000
353.62496457,2.79466000,0.00000000
354.12496456,2.78205000,0.00000000
354.62496454,2.78205000,0.00000000
355.12496453,2.79466000,0.00000000
355.62496451,2.77958900,0.00000000
356.12496450,2.74590900,0.00000000
356.62496449,2.74590900,0.00000000
357.12496447,2.77958900,0.00000000
357.62496446,2.79466000,0.00000000
358.12496444,2.78205000,0.00000000
358.62496443,2.78205000,0.00000000
359.12496442,2.79466000,0.00000000
359.62496440,2.77958900,0.00000000
360.12496439,2.74590900,0.00000000
360.62496437,2.74590900,0.00000000
361.12496436,2.77958900,0.00000000
361.62496434,2.79466000,0.00000000
362.12496433,2.78205000,0.00000000
362.62496432,2.78205000,0.00000000
363.12496430,2.79466000,0.00000000
363.62496429,2.77958900,0.00000000
364.12496427,2.74606300,0.00000000
364.62496426,2.74575500,0.00000000
365.12496425,2.77805100,0.00000000
365.62496423,2.79143100,0.00000000
366.12496422,2.77989600,0.00000000
366.62496420,2.78589500,0.00000000
367.12496419,2.81003900,0.00000000
367.62496417,2.80850100,0.00000000
368.12496416,2.78389500,0.00000000
368.62496415,2.78389500,0.00000000
369.12496413,2.80850100,0.00000000
369.62496412,2.81003900,0.00000000
370.12496410,2.78589500,0.00000000
370.62496409,2.77989600,0.00000000
371.12496408,2.79143100,0.00000000
371.62496406,2.77805100,0.00000000
372.12496405,2.74575500,0.00000000
372.62496403,2.74606300,0.00000000
373.12496402,2.77958900,0.00000000
373.62496401,2.79466000,0.00000000
374.12496399,2.78205000,0.00000000
374.62496398,2.78205000,0.00000000
375.12496396,2.79466000,0.00000000
375.62496395,2.77958900,0.00000000
376.12496393,2.74590900,0.00000000
376.62496392,2.74590900,0.00000000
377.12496391,2.77958900,0.00000000
377.62496389,2.79466000,0.00000000
378.12496388,2.78205000,0.00000000
378.62496386,2.78205000,0.00000000
379.12496385,2.79466000,0.00000000
379.62496384,2.77958900,0.00000000
380.12496382,2.74606300,0.00000000
380.62496381,2.74575500,0.00000000
381.12496379,2.77805100,0.00000000
381.62496378,2.79143100,0.00000000
382.12496376,2.77989600,0.00000000
382.62496375,2.78589500,0.00000000
383.12496374,2.81003900,0.00000000
383.62496372,2.80850100,0.00000000
384.12496371,2.78389500,0.00000000
384.62496369,2.78358700,0.00000000
385.12496368,2.80696400,0.00000000
385.62496367,2.80696400,0.00000000
386.12496365,2.78358700,0.00000000
386.62496364,2.78358700,0.00000000
387.12496362,2.80696400,0.00000000
387.62496361,2.80696400,0.00000000
388.12496360,2.78358700,0.00000000
388.62496358,2.78358700,0.00000000
389.12496357,2.80696400,0.00000000
389.62496355,2.80696400,0.00000000
390.12496354,2.78358700,0.00000000
390.62496352,2.78358700,0.00000000
391.12496351,2.80696400,0.00000000
391.62496350,2.80696400,0.00000000
392.12496348,2.78358700,0.00000000
392.62496347,2.78358700,0.00000000
393.12496345,2.80696400,0.00000000
393.62496344,2.80696400,0.00000000
394.12496343,2.78358700,0.00000000
394.62496341,2.78358700,0.00000000
395.12496340,2.80696400,0.00000000
395.62496338,2.80696400,0.00000000
396.12496337,2.78358700,0.00000000
396.62496335,2.78358700,0.00000000
397.12496334,2.80696400,0.00000000
397.62496333,2.80696400,0.00000000
398.12496331,2.78358700,0.00000000
398.62496330,2.78358700,0.00000000
399.12496328,2.80696400,0.00000000
399.62496327,2.80696400,0.00000000
400.12496326,2.78358700,0.00000000
400.62496324,2.78358700,0.00000000
401.12496323,2.80696400,0.00000000
401.62496321,2.80696400,0.00000000
402.12496320,2.78358700,0.00000000
402.62496318,2.78358700,0.00000000
403.12496317,2.80696400,0.00000000
403.62496316,2.80696400,0.00000000
404.12496314,2.78358700,0.00000000
404.62496313,2.78389500,0.00000000
405.12496311,2.80850100,0.00000000
405.62496310,2.81003900,0.00000000
406.12496309,2.78589500,0.00000000
406.62496307,2.77989600,0.00000000
407.12496306,2.79143100,0.00000000
407.62496304,2.77805100,0.00000000
408.12496303,2.74575500,0.00000000
408.62496302,2.74606300,0.00000000
409.12496300,2.77958900,0.00000000
409.62496299,2.79466000,0.00000000
410.12496297,2.78205000,0.00000000
410.62496296,2.78205000,0.00000000
411.12496294,2.79466000,0.00000000
411.62496293,2.77958900,0.00000000
412.12496292,2.74590900,0.00000000
412.62496290,2.74590900,0.00000000
413.12496289,2.77958900,0.00000000
413.62496287,2.79466000,0.00000000
414.12496286,2.78205000,0.00000000
414.62496285,2.78235700,0.00000000
415.12496283,2.79619800,0.00000000
415.62496282,2.78281900,0.00000000
416.12496280,2.74821600,0.00000000
416.62496279,2.74221800,0.00000000
417.12496277,2.76421000,0.00000000
417.62496276,2.76574800,0.00000000
418.12496275,2.74421700,0.00000000
418.62496273,2.74452500,0.00000000
419.12496272,2.76744000,0.00000000
419.62496270,2.76744000,0.00000000
420.12496269,2.74437100,0.00000000
420.62496268,2.74437100,0.00000000
421.12496266,2.76744000,0.00000000
421.62496265,2.76744000,0.00000000
422.12496263,2.74452500,0.00000000
422.62496262,2.74421700,0.00000000
423.12496261,2.76574800,0.00000000
423.62496259,2.76421000,0.00000000
424.12496258,2.74221800,0.00000000
424.62496256,2.74821600,0.00000000
425.12496255,2.78281900,0.00000000
425.62496253,2.79619800,0.00000000
426.12496252,2.78235700,0.00000000
426.62496251,2.78235700,0.00000000
427.12496249,2.79619800,0.00000000
427.62496248,2.78281900,0.00000000
428.12496246,2.74821600,0.00000000
428.62496245,2.74221800,0.00000000
429.12496244,2.76421000,0.00000000
429.62496242,2.76574800,0.00000000
430.12496241,2.74421700,0.00000000
430.62496239,2.74421700,0.00000000
431.12496238,2.76574800,0.00000000
431.62496236,2.76421000,0.00000000
432.12496235,2.74221800,0.00000000
432.62496234,2.74821600,0.00000000
433.12496232,2.78281900,0.00000000
433.62496231,2.79619800,0.00000000
434.12496229,2.78235700,0.00000000
434.62496228,2.78205000,0.00000000
435.12496227,2.79466000,0.00000000
435.62496225,2.77958900,0.00000000
436.12496224,2.74590900,0.00000000
436.62496222,2.74590900,0.00000000
437.12496221,2.77958900,0.00000000
437.62496220,2.79466000,0.00000000
438.12496218,2.78205000,0.00000000
438.62496217,2.78205000,0.00000000
439.12496215,2.79466000,0.00000000
439.62496214,2.77958900,0.00000000
440.12496212,2.74590900,0.00000000
440.62496211,2.74590900,0.00000000
441.12496210,2.77958900,0.00000000
441.62496208,2.79466000,0.00000000
442.12496207,2.78205000,0.00000000
442.62496205,2.78205000,0.00000000
443.12496204,2.79466000,0.00000000
443.62496203,2.77958900,0.00000000
444.12496201,2.74590900,0.00000000
444.62496200,2.74590900,0.00000000
445.12496198,2.77958900,0.00000000
445.62496197,2.79466000,0.00000000
446.12496195,2.78205000,0.00000000
446.62496194,2.78205000,0.00000000
447.12496193,2.79466000,0.00000000
447.62496191,2.77958900,0.00000000
448.12496190,2.74590900,0.00000000
448.62496188,2.74590900,0.00000000
449.12496187,2.77958900,0.00000000
449.62496186,2.79466000,0.00000000
450.12496184,2.78205000,0.00000000
450.62496183,2.78205000,0.00000000
451.12496181,2.79466000,0.00000000
451.62496180,2.77958900,0.00000000
452.12496179,2.74590900,0.00000000
452.62496177,2.74590900,0.00000000
453.12496176,2.77958900,0.00000000
453.62496174,2.79466000,0.00000000
454.12496173,2.78205000,0.00000000
454.62496171,2.78205000,0.00000000
455.12496170,2.79466000,0.00000000
455.62496169,2.77958900,0.00000000
456.12496167,2.74590900,0.00000000
456.62496166,2.74590900,0.00000000
457.12496164,2.77958900,0.00000000
457.62496163,2.79466000,0.00000000
458.12496162,2.78205000,0.00000000
458.62496160,2.78205000,0.00000000
459.12496159,2.79466000,0.00000000
459.62496157,2.77958900,0.00000000
460.12496156,2.74590900,0.00000000
460.62496154,2.74590900,0.00000000
461.12496153,2.77958900,0.00000000
461.62496152,2.79466000,0.00000000
462.12496150,2.78205000,0.00000000
462.62496149,2.78205000,0.00000000
463.12496147,2.79466000,0.00000000
463.62496146,2.77958900,0.00000000
464.12496145,2.74590900,0.00000000
464.62496143,2.74590900,0.00000000
465.12496142,2.77958900,0.00000000
465.62496140,2.79466000,0.00000000
466.12496139,2.78205000,0.00000000
466.62496137,2.78235700,0.00000000
467.12496136,2.79619800,0.00000000
467.62496135,2.78281900,0.00000000
468.12496133,2.74821600,0.00000000
468.62496132,2.74221800,0.00000000
469.12496130,2.76421000,0.00000000
469.62496129,2.76574800,0.00000000
470.12496128,2.74421700,0.00000000
470.62496126,2.74421700,0.00000000
471.12496125,2.76574800,0.00000000
471.62496123,2.76421000,0.00000000
472.12496122,2.74221800,0.00000000
472.62496121,2.74821600,0.00000000
473.12496119,2.78281900,0.00000000
473.62496118,2.79619800,0.00000000
474.12496116,2.78235700,0.00000000
474.62496115,2.78205000,0.00000000
475.12496113,2.79466000,0.00000000
475.62496112,2.77958900,0.00000000
476.12496111,2.74590900,0.00000000
476.62496109,2.74590900,0.00000000
477.12496108,2.77958900,0.00000000
477.62496106,2.79466000,0.00000000
478.12496105,2.78205000,0.00000000
478.62496104,2.78205000,0.00000000
479.12496102,2.79466000,0.00000000
479.62496101,2.77958900,0.00000000
480.12496099,2.74606300,0.00000000
480.62496098,2.74575500,0.00000000
481.12496096,2.77805100,0.00000000
481.62496095,2.79143100,0.00000000
482.12496094,2.77974300,0.00000000
482.62496092,2.78620200,0.00000000
483.12496091,2.81173100,0.00000000
483.62496089,2.81173100,0.00000000
484.12496088,2.78620200,0.00000000
484.62496087,2.78005000,0.00000000
485.12496085,2.79312300,0.00000000
485.62496084,2.78128100,0.00000000
486.12496082,2.74806200,0.00000000
486.62496081,2.74191100,0.00000000
487.12496080,2.76267200,0.00000000
487.62496078,2.76267200,0.00000000
488.12496077,2.74191100,0.00000000
488.62496075,2.74837000,0.00000000
489.12496074,2.78281900,0.00000000
489.62496072,2.79619800,0.00000000
490.12496071,2.78235700,0.00000000
490.62496070,2.78205000,0.00000000
491.12496068,2.79466000,0.00000000
491.62496067,2.77958900,0.00000000
492.12496065,2.74590900,0.00000000
492.62496064,2.74590900,0.00000000
493.12496063,2.77958900,0.00000000
493.62496061,2.79466000,0.00000000
494.12496060,2.78205000,0.00000000
494.62496058,2.78205000,0.00000000
495.12496057,2.79466000,0.00000000
495.62496055,2.77958900,0.00000000
496.12496054,2.74590900,0.00000000
496.62496053,2.74590900,0.00000000
497.12496051,2.77958900,0.00000000
497.62496050,2.79466000,0.00000000
498.12496048,2.78205000,0.00000000
498.62496047,2.78205000,0.00000000
499.12496046,2.79466000,0.00000000
499.62496044,2.77958900,0.00000000
500.12496043,2.74590900,0.00000000
500.62496041,2.74590900,0.00000000
501.12496040,2.77958900,0.00000000
501.62496039,2.79466000,0.00000000
502.12496037,2.78205000,0.00000000
502.62496036,2.78205000,0.00000000
503.12496034,2.79466000,0.00000000
503.62496033,2.77958900,0.00000000
504.12496031,2.74590900,0.00000000
504.62496030,2.74590900,0.00000000
505.12496029,2.77958900,0.00000000
505.62496027,2.79466000,0.00000000
506.12496026,2.78205000,0.00000000
506.62496024,2.78205000,0.00000000
507.12496023,2.79466000,0.00000000
507.62496022,2.77958900,0.00000000
508.12496020,2.74590900,0.00000000
508.62496019,2.74590900,0.00000000
509.12496017,2.77958900,0.00000000
509.62496016,2.79466000,0.00000000
510.12496014,2.78205000,0.00000000
510.62496013,2.78205000,0.00000000
511.12496012,2.79466000,0.00000000
511.62496010,2.77958900,0.00000000
512.12496009,2.74590900,0.00000000
512.62496007,2.74590900,0.00000000
513.12496006,2.77958900,0.00000000
513.62496005,2.79466000,0.00000000
514.12496003,2.78205000,0.00000000
514.62496002,2.78205000,0.00000000
515.12496000,2.79466000,0.00000000
515.62495999,2.77958900,0.00000000
516.12495997,2.74590900,0.00000000
516.62495996,2.74590900,0.00000000
517.12495995,2.77958900,0.00000000
517.62495993,2.79466000,0.00000000
518.12495992,2.78205000,0.00000000
518.62495990,2.78205000,0.00000000
519.12495989,2.79466000,0.00000000
519.62495988,2.77958900,0.00000000
520.12495986,2.74606300,0.00000000
520.62495985,2.74575500,0.00000000
521.12495983,2.77805100,0.00000000
521.62495982,2.79143100,0.00000000
522.12495981,2.77989600,0.00000000
522.62495979,2.78589500,0.00000000
523.12495978,2.81003900,0.00000000
523.62495976,2.80850100,0.00000000
524.12495975,2.78389500,0.00000000
524.62495973,2.78358700,0.00000000
525.12495972,2.80696400,0.00000000
525.62495971,2.80696400,0.00000000
526.12495969,2.78358700,0.00000000
526.62495968,2.78358700,0.00000000
527.12495966,2.80696400,0.00000000
527.62495965,2.80696400,0.00000000
528.12495964,2.78358700,0.00000000
528.62495962,2.78358700,0.00000000
529.12495961,2.80696400,0.00000000
529.62495959,2.80696400,0.00000000
530.12495958,2.78358700,0.00000000
530.62495956,2.78358700,0.00000000
531.12495955,2.80696400,0.00000000
531.62495954,2.80696400,0.00000000
532.12495952,2.78358700,0.00000000
532.62495951,2.78389500,0.00000000
533.12495949,2.80850100,0.00000000
533.62495948,2.81003900,0.00000000
534.12495947,2.78589500,0.00000000
534.62495945,2.77989600,0.00000000
535.12495944,2.79143100,0.00000000
535.62495942,2.77805100,0.00000000
536.12495941,2.74575500,0.00000000
536.62495940,2.74575500,0.00000000
537.12495938,2.77805100,0.00000000
537.62495937,2.79143100,0.00000000
538.12495935,2.77989600,0.00000000
538.62495934,2.78589500,0.00000000
539.12495932,2.81003900,0.00000000
539.62495931,2.80850100,0.00000000
540.12495930,2.78389500,0.00000000
540.62495928,2.78358700,0.00000000
541.12495927,2.80696400,0.00000000
541.62495925,2.80696400,0.00000000
542.12495924,2.78358700,0.00000000
542.62495923,2.78358700,0.00000000
543.12495921,2.80696400,0.00000000
543.62495920,2.80696400,0.00000000
544.12495918,2.78358700,0.00000000
544.62495917,2.78389500,0.00000000
545.12495915,2.80850100,0.00000000
545.62495914,2.81003900,0.00000000
546.12495913,2.78589500,0.00000000
546.62495911,2.77989600,0.00000000
547.12495910,2.79143100,0.00000000
547.62495908,2.77805100,0.00000000
548.12495907,2.74575500,0.00000000
548.62495906,2.74606300,0.00000000
549.12495904,2.77958900,0.00000000
549.62495903,2.79466000,0.00000000
550.12495901,2.78205000,0.00000000
550.62495900,2.78205000,0.00000000
551.12495899,2.79466000,0.00000000
551.62495897,2.77958900,0.00000000
552.12495896,2.74590900,0.00000000
552.62495894,2.74590900,0.00000000
553.12495893,2.77958900,0.00000000
553.62495891,2.79466000,0.00000000
554.12495890,2.78205000,0.00000000
554.62495889,2.78205000,0.00000000
555.12495887,2.79466000,0.00000000
555.62495886,2.77958900,0.00000000
556.12495884,2.74590900,0.00000000
556.62495883,2.74590900,0.00000000
557.12495882,2.77958900,0.00000000
557.62495880,2.79466000,0.00000000
558.12495879,2.78205000,0.00000000
558.62495877,2.78205000,0.00000000
559.12495876,2.79466000,0.00000000
559.62495874,2.77958900,0.00000000
560.12495873,2.74590900,0.00000000
560.62495872,2.74590900,0.00000000
561.12495870,2.77958900,0.00000000
561.62495869,2.79466000,0.00000000
562.12495867,2.78205000,0.00000000
562.62495866,2.78205000,0.00000000
563.12495865,2.79466000,0.00000000
563.62495863,2.77958900,0.00000000
564.12495862,2.74590900,0.00000000
564.62495860,2.74590900,0.00000000
565.12495859,2.77958900,0.00000000
565.62495858,2.79466000,0.00000000
566.12495856,2.78205000,0.00000000
566.62495855,2.78205000,0.00000000
567.12495853,2.79466000,0.00000000
567.62495852,2.77958900,0.00000000
568.12495850,2.74606300,0.00000000
568.62495849,2.74575500,0.00000000
569.12495848,2.77805100,0.00000000
569.62495846,2.79143100,0.00000000
570.12495845,2.77989600,0.00000000
570.62495843,2.78589500,0.00000000
571.12495842,2.81003900,0.00000000
571.62495841,2.80850100,0.00000000
572.12495839,2.78389500,0.00000000
572.62495838,2.78389500,0.00000000
573.12495836,2.80850100,0.00000000
573.62495835,2.81003900,0.00000000
574.12495833,2.78589500,0.00000000
574.62495832,2.77989600,0.00000000
575.12495831,2.79143100,0.00000000
575.62495829,2.77805100,0.00000000
576.12495828,2.74575500,0.00000000
576.62495826,2.74575500,0.00000000
577.12495825,2.77805100,0.00000000
577.62495824,2.79143100,0.00000000
578.12495822,2.77989600,0.00000000
578.62495821,2.78589500,0.00000000
579.12495819,2.81003900,0.00000000
579.62495818,2.80850100,0.00000000
580.12495816,2.78389500,0.00000000
580.62495815,2.78389500,0.00000000
581.12495814,2.80850100,0.00000000
581.62495812,2.81003900,0.00000000
582.12495811,2.78589500,0.00000000
582.62495809,2.77989600,0.00000000
583.12495808,2.79143100,0.00000000
583.62495807,2.77805100,0.00000000
584.12495805,2.74575500,0.00000000
584.62495804,2.74606300,0.00000000
585.12495802,2.77958900,0.00000000
585.62495801,2.79466000,0.00000000
586.12495800,2.78205000,0.00000000
586.62495798,2.78205000,0.00000000
587.12495797,2.79466000,0.00000000
587.62495795,2.77958900,0.00000000
588.12495794,2.74590900,0.00000000
588.62495792,2.74590900,0.00000000
589.12495791,2.77958900,0.00000000
589.62495790,2.79466000,0.00000000
590.12495788,2.78205000,0.00000000
590.62495787,2.78205000,0.00000000
591.12495785,2.79466000,0.00000000
591.62495784,2.77958900,0.00000000
592.12495783,2.74590900,0.00000000
592.62495781,2.74590900,0.00000000
593.12495780,2.77958900,0.00000000
593.62495778,2.79466000,0.00000000
594.12495777,2.78205000,0.00000000
594.62495775,2.78205000,0.00000000
595.12495774,2.79466000,0.00000000
595.62495773,2.77958900,0.00000000
596.12495771,2.74590900,0.00000000
596.62495770,2.74590900,0.00000000
597.12495768,2.77958900,0.00000000
597.62495767,2.79466000,0.00000000
598.12495766,2.78205000,0.00000000
598.62495764,2.78205000,0.00000000
599.12495763,2.79466000,0.00000000
599.62495761,2.77958900,0.00000000
600.12495760,2.74590900,0.00000000
600.62495759,2.74590900,0.00000000
601.12495757,2.77958900,0.00000000
601.62495756,2.79466000,0.00000000
602.12495754,2.78205000,0.00000000
602.62495753,2.78205000,0.00000000
603.12495751,2.79466000,0.00000000
603.62495750,2.77958900,0.00000000
604.12495749,2.74590900,0.00000000
604.62495747,2.74590900,0.00000000
605.12495746,2.77958900,0.00000000
605.62495744,2.79466000,0.00000000
606.12495743,2.78205000,0.00000000
606.62495742,2.78205000,0.00000000
607.12495740,2.79466000,0.00000000
607.62495739,2.77958900,0.00000000
608.12495737,2.74590900,0.00000000
608.62495736,2.74590900,0.00000000
609.12495734,2.77958900,0.00000000
609.62495733,2.79466000,0.00000000
610.12495732,2.78205000,0.00000000
610.62495730,2.78205000,0.00000000
611.12495729,2.79466000,0.00000000
611.62495727,2.77958900,0.00000000
612.12495726,2.74590900,0.00000000
612.62495725,2.74590900,0.00000000
613.12495723,2.77958900,0.00000000
613.62495722,2.79466000,0.00000000
614.12495720,2.78205000,0.00000000
614.62495719,2.78205000,0.00000000
615.12495718,2.79466000,0.00000000
615.62495716,2.77958900,0.00000000
616.12495715,2.74590900,0.00000000
616.62495713,2.74590900,0.00000000
617.12495712,2.77958900,0.00000000
617.62495710,2.79466000,0.00000000
618.12495709,2.78205000,0.00000000
618.62495708,2.78205000,0.00000000
619.12495706,2.79466000,0.00000000
619.62495705,2.77958900,0.00000000
620.12495703,2.74590900,0.00000000
620.62495702,2.74590900,0.00000000
621.12495701,2.77958900,0.00000000
621.62495699,2.79466000,0.00000000
622.12495698,2.78205000,0.00000000
622.62495696,2.78205000,0.00000000
623.12495695,2.79466000,0.00000000
623.62495693,2.77958900,0.00000000
624.12495692,2.74606300,0.00000000
624.62495691,2.74575500,0.00000000
625.12495689,2.77805100,0.00000000
625.62495688,2.79143100,0.00000000
626.12495686,2.77989600,0.00000000
626.62495685,2.78589500,0.00000000
627.12495684,2.81003900,0.00000000
627.62495682,2.80850100,0.00000000
628.12495681,2.78389500,0.00000000
628.62495679,2.78358700,0.00000000
629.12495678,2.80696400,0.00000000
629.62495676,2.80696400,0.00000000
630.12495675,2.78358700,0.00000000
630.62495674,2.78358700,0.00030758
631.12495672,2.80696400,0.00153789
631.62495671,2.80696400,0.00322958
632.12495669,2.78358700,0.00230684
632.62495668,2.78358700,-0.00384473
633.12495667,2.80696400,-0.01537894
633.62495665,2.80696400,-0.02891240
634.12495664,2.78358700,-0.03783219
634.62495662,2.78358700,-0.03783219
635.12495661,2.80696400,-0.02891240
635.62495660,2.80696400,-0.01537894
636.12495658,2.78358700,-0.00384473
636.62495657,2.78389500,0.00230684
637.12495655,2.80850100,0.00322958
637.62495654,2.81003900,0.00153789
638.12495652,2.78589500,0.00030758
638.62495651,2.77989600,0.00000000
639.12495650,2.79143100,0.00000000
639.62495648,2.77805100,0.00000000
640.12495647,2.74575500,0.00000000
640.62495645,2.74606300,0.00000000
641.12495644,2.77958900,0.00000000
641.62495643,2.79466000,0.00000000
642.12495641,2.78205000,0.00000000
642.62495640,2.78205000,0.00000000
643.12495638,2.79466000,0.00000000
643.62495637,2.77958900,0.00000000
644.12495635,2.74590900,0.00000000
644.62495634,2.74590900,0.00000000
645.12495633,2.77958900,0.00000000
645.62495631,2.79466000,0.00000000
646.12495630,2.78205000,0.00000000
646.62495628,2.78235700,0.00000000
647.12495627,2.79619800,0.00000000
647.62495626,2.78281900,0.00000000
648.12495624,2.74837000,0.00000000
648.62495623,2.74191100,0.00000000
649.12495621,2.76267200,0.00000000
649.62495620,2.76267200,0.00000000
650.12495619,2.74191100,0.00000000
650.62495617,2.74837000,0.00000000
651.12495616,2.78281900,0.00000000
651.62495614,2.79619800,0.00000000
652.12495613,2.78235700,0.00000000
652.62495611,2.78205000,0.00000000
653.12495610,2.79466000,0.00000000
653.62495609,2.77958900,0.00000000
654.12495607,2.74590900,0.00000000
654.62495606,2.74590900,0.00000000
655.12495604,2.77958900,0.00000000
655.62495603,2.79466000,0.00000000
656.12495602,2.78205000,0.00000000
656.62495600,2.78235700,0.00000000
657.12495599,2.79619800,0.00000000
657.62495597,2.78281900,0.00000000
658.12495596,2.74837000,0.00000000
658.62495594,2.74191100,0.00000000
659.12495593,2.76267200,0.00000000
659.62495592,2.76267200,0.00000000
660.12495590,2.74191100,0.00000000
660.62495589,2.74837000,0.00000000
661.12495587,2.78281900,0.00000000
661.62495586,2.79619800,0.00000000
662.12495585,2.78251100,0.00000000
662.62495583,2.78174200,0.00000000
663.12495582,2.79296900,0.00000000
663.62495580,2.77651300,0.00000000
664.12495579,2.74375600,0.00000000
664.62495578,2.74944600,0.00000000
665.12495576,2.79343000,0.00000000
665.62495575,2.82034300,0.00000000
666.12495573,2.81772900,0.00000000
666.62495572,2.82388000,0.00000000
667.12495570,2.83895200,0.00000000
667.62495569,2.82388000,0.00000000
668.12495568,2.78774000,0.00000000
668.62495566,2.78158900,0.00000000
669.12495565,2.80527200,0.00000000
669.62495563,2.80850100,0.00000000
670.12495562,2.78558700,0.00000000
670.62495561,2.78020400,0.00000000
671.12495559,2.79312300,0.00000000
671.62495558,2.78128100,0.00000000
672.12495556,2.74806200,0.00123032
672.62495555,2.74191100,-0.00507505
673.12495553,2.76267200,-0.03045030
673.62495552,2.76267200,-0.05997785
674.12495551,2.74191100,-0.03983144
674.62495549,2.74837000,0.05628691
675.12495548,2.78281900,0.19562010
675.62495546,2.79619800,0.35540720
676.12495545,2.78251100,0.58532230
676.62495544,2.78174200,0.92873400
677.12495542,2.79296900,1.34596500
677.62495541,2.77651300,1.76903900
678.12495539,2.74391000,2.18257900
678.62495538,2.74867700,2.58781400
679.12495537,2.78866300,2.94891100
679.62495535,2.81080800,3.23034600
680.12495534,2.81080800,3.44073000
680.62495532,2.83526100,3.58606100
681.12495531,2.88524200,3.63635000
681.62495529,2.91046400,3.58160000
682.12495528,2.90123700,3.48517500
682.62495527,2.89554600,3.41166400
683.12495525,2.89354700,3.34645700
683.62495524,2.85802100,3.24141900
684.12495522,2.79942800,3.12653800
684.62495521,2.76943900,3.08086300
685.12495520,2.76820900,3.10854500
685.62495518,2.74760100,3.13438100
686.12495517,2.70930700,3.13053600
686.62495515,2.70423200,3.13930200
687.12495514,2.73376000,3.16590800
687.62495512,2.74714000,3.16437000
688.12495511,2.73806600,3.13684200
688.62495510,2.75036900,3.13622700
689.12495508,2.78435700,3.16114000
689.62495507,2.79466000,3.15960300
690.12495505,2.78035800,3.13438100
690.62495504,2.78604800,3.13930200
691.12495503,2.81173100,3.17175200
691.62495501,2.81173100,3.17898000
692.12495500,2.78620200,3.16544700
692.62495498,2.78005000,3.18882300
693.12495497,2.79312300,3.24849300
693.62495495,2.78128100,3.28401800
694.12495494,2.74806200,3.28509500
694.62495493,2.74221800,3.29662900
695.12495491,2.76421000,3.31800600
695.62495490,2.76574800,3.30308800
696.12495488,2.74421700,3.26064200
696.62495487,2.74421700,3.24849300
697.12495486,2.76574800,3.26587100
697.62495484,2.76421000,3.25710500
698.12495483,2.74221800,3.22050300
698.62495481,2.74806200,3.20896900
699.12495480,2.78128100,3.22311800
699.62495479,2.79312300,3.21127600
700.12495477,2.78005000,3.17682700
700.62495476,2.78589500,3.17652000
701.12495474,2.81003900,3.20973800
701.62495473,2.80850100,3.22004200
702.12495471,2.78389500,3.20666200
702.62495470,2.78389500,3.22434800
703.12495469,2.80850100,3.27263800
703.62495467,2.81003900,3.29478400
704.12495466,2.78589500,3.28647900
704.62495464,2.78035800,3.29801300
705.12495463,2.79466000,3.32877100
705.62495462,2.78435700,3.32723300
706.12495460,2.75021500,3.29601400
706.62495459,2.73837400,3.28986200
707.12495457,2.74883100,3.30862500
707.62495456,2.73698900,3.29832100
708.12495454,2.70638500,3.26002700
708.62495453,2.70638500,3.24803100
709.12495452,2.73698900,3.26264100
709.62495450,2.74883100,3.25080000
710.12495449,2.73852700,3.21604300
710.62495447,2.75006200,3.21635100
711.12495446,2.78281900,3.25249100
711.62495445,2.79143100,3.26587100
712.12495443,2.77805100,3.25018500
712.62495442,2.78989300,3.25664400
713.12495440,2.82711000,3.28601700
713.62495439,2.84049000,3.28601700
714.12495438,2.82403400,3.25664400
714.62495436,2.81819000,3.25018500
715.12495435,2.82357300,3.26587100
715.62495433,2.79988900,3.25249100
716.12495432,2.75406000,3.21635100
716.62495430,2.73606700,3.21604300
717.12495429,2.74560200,3.25080000
717.62495428,2.73529800,3.26264100
718.12495426,2.70607800,3.24803100
718.62495425,2.70638500,3.26018100
719.12495423,2.73698900,3.29985900
719.62495422,2.74883100,3.31170000
720.12495421,2.73852700,3.29216900
720.62495419,2.75006200,3.29216900
721.12495418,2.78281900,3.31170000
721.62495416,2.79143100,3.29985900
722.12495415,2.77805100,3.26018100
722.62495413,2.78958500,3.24833900
723.12495412,2.82557200,3.26433300
723.62495411,2.83741400,3.25402900
724.12495409,2.82172700,3.21819600
724.62495408,2.82172700,3.21250600
725.12495406,2.83741400,3.23695900
725.62495405,2.82557200,3.23695900
726.12495404,2.78973900,3.21250600
726.62495402,2.77774400,3.21819600
727.12495401,2.78989300,3.25402900
727.62495399,2.77958900,3.26433300
728.12495398,2.74775500,3.24833900
728.62495397,2.74206400,3.26018100
729.12495395,2.76267200,3.29985900
729.62495394,2.76267200,3.31170000
730.12495392,2.74191100,3.29232300
730.62495391,2.74806200,3.29201500
731.12495389,2.78128100,3.31016300
731.62495388,2.79312300,3.29678300
732.12495387,2.78005000,3.25787400
732.62495385,2.78620200,3.25203000
733.12495384,2.81173100,3.27971200
733.62495382,2.81173100,3.28278800
734.12495381,2.78620200,3.25618200
734.62495380,2.78005000,3.25033900
735.12495378,2.79312300,3.26587100
735.62495377,2.78128100,3.25249100
736.12495375,2.74806200,3.21619700
736.62495374,2.74221800,3.21619700
737.12495372,2.76421000,3.25249100
737.62495371,2.76574800,3.26587100
738.12495370,2.74421700,3.25033900
738.62495368,2.74421700,3.25649000
739.12495367,2.76574800,3.28448000
739.62495365,2.76421000,3.28294200
740.12495364,2.74221800,3.25433700
740.62495363,2.74821600,3.25402900
741.12495361,2.78281900,3.28125000
741.62495360,2.79619800,3.28125000
742.12495358,2.78235700,3.25402900
742.62495357,2.78205000,3.25433700
743.12495355,2.79466000,3.28294200
743.62495354,2.77958900,3.28448000
744.12495353,2.74590900,3.25649000
744.62495351,2.74590900,3.25033900
745.12495350,2.77958900,3.26587100
745.62495348,2.79466000,3.25249100
746.12495347,2.78205000,3.21619700
746.62495346,2.78205000,3.21619700
747.12495344,2.79466000,3.25249100
747.62495343,2.77958900,3.26587100
748.12495341,2.74590900,3.25033900
748.62495340,2.74590900,3.25649000
749.12495339,2.77958900,3.28448000
749.62495337,2.79466000,3.28294200
750.12495336,2.78205000,3.25433700
750.62495334,2.78235700,3.25402900
751.12495333,2.79619800,3.28125000
751.62495331,2.78281900,3.28125000
752.12495330,2.74821600,3.25418300
752.62495329,2.74221800,3.25418300
753.12495327,2.76421000,3.28125000
753.62495326,2.76574800,3.28125000
754.12495324,2.74421700,3.25418300
754.62495323,2.74452500,3.25418300
755.12495322,2.76744000,3.28125000
755.62495320,2.76744000,3.28125000
756.12495319,2.74437100,3.25418300
756.62495317,2.74437100,3.25418300
757.12495316,2.76744000,3.28125000
757.62495314,2.76744000,3.28125000
758.12495313,2.74452500,3.25418300
758.62495312,2.74421700,3.25418300
759.12495310,2.76574800,3.28125000
759.62495309,2.76421000,3.28125000
760.12495307,2.74221800,3.25418300
760.62495306,2.74821600,3.25418300
761.12495305,2.78281900,3.28125000
761.62495303,2.79619800,3.28125000
762.12495302,2.78235700,3.25418300
762.62495300,2.78205000,3.25418300
763.12495299,2.79466000,3.28125000
763.62495298,2.77958900,3.28125000
764.12495296,2.74590900,3.25418300
764.62495295,2.74590900,3.25418300
765.12495293,2.77958900,3.28125000
765.62495292,2.79466000,3.28125000
766.12495290,2.78205000,3.25418300
766.62495289,2.78205000,3.25418300
767.12495288,2.79466000,3.28125000
767.62495286,2.77958900,3.28125000
768.12495285,2.74590900,3.25418300
768.62495283,2.74590900,3.25418300
769.12495282,2.77958900,3.28125000
769.62495281,2.79466000,3.28125000
770.12495279,2.78205000,3.25418300
770.62495278,2.78235700,3.25418300
771.12495276,2.79619800,3.28125000
771.62495275,2.78281900,3.28125000
772.12495273,2.74821600,3.25418300
772.62495272,2.74221800,3.25418300
773.12495271,2.76421000,3.28125000
773.62495269,2.76574800,3.28125000
774.12495268,2.74421700,3.25418300
774.62495266,2.74452500,3.25387500
775.12495265,2.76744000,3.27971200
775.62495264,2.76744000,3.27817400
776.12495262,2.74437100,3.25187600
776.62495261,2.74437100,3.25787400
777.12495259,2.76744000,3.29678300
777.62495258,2.76744000,3.31016300
778.12495257,2.74452500,3.29201500
778.62495255,2.74421700,3.29201500
779.12495254,2.76574800,3.31016300
779.62495252,2.76421000,3.29678300
780.12495251,2.74221800,3.25787400
780.62495249,2.74821600,3.25187600
781.12495248,2.78281900,3.27817400
781.62495247,2.79619800,3.27971200
782.12495245,2.78235700,3.25387500
782.62495244,2.78205000,3.25418300
783.12495242,2.79466000,3.28125000
783.62495241,2.77958900,3.28125000
784.12495240,2.74590900,3.25418300
784.62495238,2.74590900,3.25418300
785.12495237,2.77958900,3.28125000
785.62495235,2.79466000,3.28125000
786.12495234,2.78205000,3.25418300
786.62495232,2.78205000,3.25418300
787.12495231,2.79466000,3.28125000
787.62495230,2.77958900,3.28125000
788.12495228,2.74590900,3.25418300
788.62495227,2.74590900,3.25418300
789.12495225,2.77958900,3.28125000
789.62495224,2.79466000,3.28125000
790.12495223,2.78205000,3.25418300
790.62495221,2.78205000,3.25418300
791.12495220,2.79466000,3.28125000
791.62495218,2.77958900,3.28125000
792.12495217,2.74590900,3.25418300
792.62495216,2.74590900,3.25418300
793.12495214,2.77958900,3.28125000
793.62495213,2.79466000,3.28125000
794.12495211,2.78205000,3.25418300
794.62495210,2.78205000,3.25418300
795.12495208,2.79466000,3.28125000
795.62495207,2.77958900,3.28125000
796.12495206,2.74590900,3.25418300
796.62495204,2.74590900,3.25418300
797.12495203,2.77958900,3.28125000
797.62495201,2.79466000,3.28125000
798.12495200,2.78205000,3.25418300
798.62495199,2.78205000,3.25418300
799.12495197,2.79466000,3.28125000
799.62495196,2.77958900,3.28125000
800.12495194,2.74590900,3.25418300
800.62495193,2.74590900,3.25418300
801.12495191,2.77958900,3.28125000
801.62495190,2.79466000,3.28125000
802.12495189,2.78205000,3.25418300
802.62495187,2.78205000,3.25418300
803.12495186,2.79466000,3.28125000
803.62495184,2.77958900,3.28125000
804.12495183,2.74590900,3.25418300
804.62495182,2.74590900,3.25418300
805.12495180,2.77958900,3.28125000
805.62495179,2.79466000,3.28125000
806.12495177,2.78205000,3.25418300
806.62495176,2.78235700,3.25418300
807.12495174,2.79619800,3.28125000
807.62495173,2.78281900,3.28125000
808.12495172,2.74821600,3.25418300
808.62495170,2.74221800,3.25418300
809.12495169,2.76421000,3.28125000
809.62495167,2.76574800,3.28125000
810.12495166,2.74421700,3.25418300
810.62495165,2.74421700,3.25418300
811.12495163,2.76574800,3.28125000
811.62495162,2.76421000,3.28125000
812.12495160,2.74221800,3.25418300
812.62495159,2.74821600,3.25418300
813.12495158,2.78281900,3.28125000
813.62495156,2.79619800,3.28125000
814.12495155,2.78235700,3.25418300
814.62495153,2.78205000,3.25418300
815.12495152,2.79466000,3.28125000
815.62495150,2.77958900,3.28125000
816.12495149,2.74590900,3.25418300
816.62495148,2.74590900,3.25418300
817.12495146,2.77958900,3.28125000
817.62495145,2.79466000,3.28125000
818.12495143,2.78205000,3.25418300
818.62495142,2.78235700,3.25418300
819.12495141,2.79619800,3.28125000
819.62495139,2.78281900,3.28125000
820.12495138,2.74821600,3.25418300
820.62495136,2.74221800,3.25418300
821.12495135,2.76421000,3.28125000
821.62495133,2.76574800,3.28125000
822.12495132,2.74421700,3.25418300
822.62495131,2.74421700,3.25418300
823.12495129,2.76574800,3.28125000
823.62495128,2.76421000,3.28125000
824.12495126,2.74221800,3.25418300
824.62495125,2.74821600,3.25418300
825.12495124,2.78281900,3.28125000
825.62495122,2.79619800,3.28125000
826.12495121,2.78235700,3.25418300
826.62495119,2.78205000,3.25418300
827.12495118,2.79466000,3.28125000
827.62495117,2.77958900,3.28125000
828.12495115,2.74590900,3.25418300
828.62495114,2.74590900,3.25418300
829.12495112,2.77958900,3.28125000
829.62495111,2.79466000,3.28125000
830.12495109,2.78205000,3.25418300
830.62495108,2.78205000,3.25418300
831.12495107,2.79466000,3.28125000
831.62495105,2.77958900,3.28125000
832.12495104,2.74590900,3.25418300
832.62495102,2.74590900,3.25418300
833.12495101,2.77958900,3.28125000
833.62495100,2.79466000,3.28125000
834.12495098,2.78205000,3.25418300
834.62495097,2.78205000,3.25418300
835.12495095,2.79466000,3.28125000
835.62495094,2.77958900,3.28125000
836.12495092,2.74590900,3.25418300
836.62495091,2.74590900,3.25418300
837.12495090,2.77958900,3.28125000
837.62495088,2.79466000,3.28125000
838.12495087,2.78205000,3.25418300
838.62495085,2.78235700,3.25418300
839.12495084,2.79619800,3.28125000
839.62495083,2.78281900,3.28125000
840.12495081,2.74821600,3.25418300
840.62495080,2.74221800,3.25418300
841.12495078,2.76421000,3.28125000
841.62495077,2.76574800,3.28125000
842.12495076,2.74421700,3.25418300
842.62495074,2.74452500,3.25418300
843.12495073,2.76744000,3.28125000
843.62495071,2.76744000,3.28125000
844.12495070,2.74437100,3.25402900
844.62495068,2.74437100,3.25433700
845.12495067,2.76744000,3.28294200
845.62495066,2.76744000,3.28448000
846.12495064,2.74437100,3.25649000
846.62495063,2.74437100,3.25033900
847.12495061,2.76744000,3.26587100
847.62495060,2.76744000,3.25249100
848.12495059,2.74437100,3.21619700
848.62495057,2.74437100,3.21619700
849.12495056,2.76744000,3.25249100
849.62495054,2.76744000,3.26587100
850.12495053,2.74452500,3.25033900
850.62495051,2.74421700,3.25649000
851.12495050,2.76574800,3.28448000
851.62495049,2.76421000,3.28294200
852.12495047,2.74221800,3.25433700
852.62495046,2.74821600,3.25402900
853.12495044,2.78281900,3.28125000
853.62495043,2.79619800,3.28125000
854.12495042,2.78235700,3.25418300
854.62495040,2.78235700,3.25418300
855.12495039,2.79619800,3.28125000
855.62495037,2.78281900,3.28125000
856.12495036,2.74821600,3.25418300
856.62495034,2.74221800,3.25418300
857.12495033,2.76421000,3.28125000
857.62495032,2.76574800,3.28125000
858.12495030,2.74421700,3.25418300
858.62495029,2.74421700,3.25418300
859.12495027,2.76574800,3.28125000
859.62495026,2.76421000,3.28125000
860.12495025,2.74221800,3.25418300
860.62495023,2.74821600,3.25418300
861.12495022,2.78281900,3.28125000
861.62495020,2.79619800,3.28125000
862.12495019,2.78235700,3.25418300
862.62495018,2.78235700,3.25418300
863.12495016,2.79619800,3.28125000
863.62495015,2.78281900,3.28125000
864.12495013,2.74821600,3.25418300
864.62495012,2.74221800,3.25418300
865.12495010,2.76421000,3.28125000
865.62495009,2.76574800,3.28125000
866.12495008,2.74421700,3.25418300
866.62495006,2.74421700,3.25418300
867.12495005,2.76574800,3.28125000
867.62495003,2.76421000,3.28125000
868.12495002,2.74221800,3.25418300
868.62495001,2.74821600,3.25418300
869.12494999,2.78281900,3.28125000
869.62494998,2.79619800,3.28125000
870.12494996,2.78235700,3.25418300
870.62494995,2.78205000,3.25418300
871.12494993,2.79466000,3.28125000
871.62494992,2.77958900,3.28125000
872.12494991,2.74590900,3.25418300
872.62494989,2.74590900,3.25418300
873.12494988,2.77958900,3.28125000
873.62494986,2.79466000,3.28125000
874.12494985,2.78205000,3.25418300
874.62494984,2.78235700,3.25418300
875.12494982,2.79619800,3.28125000
875.62494981,2.78281900,3.28125000
876.12494979,2.74821600,3.25418300
876.62494978,2.74221800,3.25418300
877.12494977,2.76421000,3.28125000
877.62494975,2.76574800,3.28125000
878.12494974,2.74421700,3.25418300
878.62494972,2.74421700,3.25418300
879.12494971,2.76574800,3.28125000
879.62494969,2.76421000,3.28125000
880.12494968,2.74221800,3.25418300
880.62494967,2.74821600,3.25418300
881.12494965,2.78281900,3.28125000
881.62494964,2.79619800,3.28125000
882.12494962,2.78235700,3.25418300
882.62494961,2.78205000,3.25418300
883.12494960,2.79466000,3.28125000
883.62494958,2.77958900,3.28125000
884.12494957,2.74590900,3.25418300
884.62494955,2.74590900,3.25418300
885.12494954,2.77958900,3.28125000
885.62494952,2.79466000,3.28125000
886.12494951,2.78205000,3.25418300
886.62494950,2.78205000,3.25418300
887.12494948,2.79466000,3.28125000
887.62494947,2.77958900,3.28125000
888.12494945,2.74590900,3.25418300
888.62494944,2.74590900,3.25418300
889.12494943,2.77958900,3.28125000
889.62494941,2.79466000,3.28125000
890.12494940,2.78205000,3.25418300
890.62494938,2.78205000,3.25418300
891.12494937,2.79466000,3.28125000
891.62494936,2.77958900,3.28125000
892.12494934,2.74606300,3.25418300
892.62494933,2.74575500,3.25418300
893.12494931,2.77805100,3.28125000
893.62494930,2.79143100,3.28125000
894.12494928,2.77974300,3.25418300
894.62494927,2.78620200,3.25418300
895.12494926,2.81173100,3.28125000
895.62494924,2.81173100,3.28125000
896.12494923,2.78620200,3.25418300
896.62494921,2.77974300,3.25418300
897.12494920,2.79143100,3.28125000
897.62494919,2.77805100,3.28125000
898.12494917,2.74575500,3.25418300
898.62494916,2.74575500,3.25418300
899.12494914,2.77805100,3.28125000
899.62494913,2.79143100,3.28125000
900.12494911,2.77974300,3.25418300
900.62494910,2.78620200,3.25418300
901.12494909,2.81173100,3.28125000
901.62494907,2.81173100,3.28125000
902.12494906,2.78620200,3.25418300
902.62494904,2.77974300,3.25418300
903.12494903,2.79143100,3.28125000
903.62494902,2.77805100,3.28125000
904.12494900,2.74575500,3.25418300
